{
  "Compatibility": "Compatible",
  "Contributors": {
    "Developer": [ "GoodHood" ],
    "Idea": [ "Axodeau" ]
  },
  "DefuserDifficulty": "Easy",
  "Description": "Select the correct section of a long word as a key for a playfair cipher. Tags: playfair, cipher, words, long-words",
  "ExpertDifficulty": "Hard",
  "ModuleID": "LongWords",
  "Name": "Long Words",
  "Origin": "Mods",
  "Published": "2023-06-11",
  "SortKey": "LONGWORDS",
  "SourceUrl": "https://github.com/GoodHood1/KTANE-Long-Words",
  "SteamID": "2987822879",
  "Symbol": "Lws",
  "Type": "Regular"
}